Provider,Price_Monthly,Server_Count,No_Logs,Streaming_Support,Money_Back,Affiliate_Link,Badge
NordVPN,$3.99,6000+,Audit Verified,"Netflix, Disney+, Hulu",30 Days,https://nordvpn.com,Best Overall
ExpressVPN,$8.32,3000+,Audit Verified,"Netflix, BBC iPlayer, Amazon Prime",30 Days,https://expressvpn.com,Fastest Speeds
Surfshark,$2.49,3200+,Audit Verified,"Netflix, Disney+, YouTube",30 Days,https://surfshark.com,Best Value
CyberGhost,$2.19,9000+,Audit Verified,"Netflix, Hulu, HBO Max",45 Days,https://cyberghostvpn.com,Largest Network
Private Internet Access,$2.03,35000+,Yes,"Netflix, Amazon Prime",30 Days,https://privateinternetaccess.com,Most Servers
ProtonVPN,$4.99,3000+,Audit Verified,"Netflix, Disney+, BBC iPlayer",30 Days,https://protonvpn.com,Privacy Focused
Mullvad,$5.50,800+,Audit Verified,"YouTube, Twitch",30 Days,https://mullvad.net,
IPVanish,$3.99,2000+,Yes,"Netflix, Hulu, ESPN+",30 Days,https://ipvanish.com,
Windscribe,$4.08,500+,Audit Verified,"Netflix, Disney+, BBC iPlayer",3 Days,https://windscribe.com,
TunnelBear,$3.33,5000+,Audit Verified,"YouTube, Twitch",Free Tier Available,https://tunnelbear.com,User Friendly
